<?xml version="1.0" encoding="UTF-8"?>
<project>
<!-- You are strongly recommended to use ant for compiling and building -->
<!-- We only use and test maven for website construction -->

  <pomVersion>3</pomVersion>
  <groupId>joda-time</groupId>
  <artifactId>joda-time</artifactId>
  <name>Joda time</name>
  <currentVersion>1.6</currentVersion>
  <organization>
    <name>Joda.org</name>
    <url>http://www.joda.org</url>
    <logo>/images/joda.png</logo>
  </organization>
  <inceptionYear>2002</inceptionYear>
  <package>org.joda.time</package>
  <packageGroups>
    <packageGroup>
      <title>User Packages</title>
      <packages>org.joda.time:org.joda.time.format:org.joda.time.chrono</packages>
    </packageGroup>
    <packageGroup>
      <title>Implementation Packages</title>
      <packages>org.joda.time.base:org.joda.time.convert:org.joda.time.field:org.joda.time.tz</packages>
    </packageGroup>
  </packageGroups>  
  <logo>/images/jodatime.png</logo>

  <description>
    Date and time library to replace JDK date handling.
  </description>
  <shortDescription>Joda time</shortDescription>
  <url>http://joda-time.sourceforge.net</url>
  
  <issueTrackingUrl>http://sourceforge.net/tracker/?atid=617889&amp;group_id=97367&amp;func=browse</issueTrackingUrl>
  
  <siteAddress>shell.sourceforge.net</siteAddress>
  <siteDirectory>/home/groups/j/jo/joda-time/htdocs/</siteDirectory>
  <distributionDirectory>home/groups/j/jo/joda-time/htdocs/repository</distributionDirectory>
  
  <repository>
    <connection>scm:svn:https://joda-time.svn.sourceforge.net/svnroot/joda-time/trunk/JodaTime/</connection>
    <url>http://joda-time.svn.sourceforge.net/viewvc/joda-time/trunk/JodaTime/</url>
  </repository>

  <licenses>
    <license>
      <name>Apache 2</name>
      <url>http://www.apache.org/licenses/</url>
      <distribution>repo</distribution>
    </license>
  </licenses>

  <versions>
    <version>
      <id>0.95</id>
      <name>0.95</name>
      <tag>v0_9_500</tag>
    </version>
    <version>
      <id>0.98</id>
      <name>0.98</name>
      <tag>v0_9_800</tag>
    </version>
    <version>
      <id>0.99</id>
      <name>0.99</name>
      <tag>v0_9_900</tag>
    </version>
    <version>
      <id>1.0</id>
      <name>1.0</name>
      <tag>v1_0_000</tag>
    </version>
    <version>
      <id>1.1</id>
      <name>1.1</name>
      <tag>v1_1_000</tag>
    </version>
    <version>
      <id>1.2</id>
      <name>1.2</name>
      <tag>v1_2_000</tag>
    </version>
    <version>
      <id>1.2.1</id>
      <name>1.2.1</name>
      <tag>v1_2_100</tag>
    </version>
  </versions>
  
  <mailingLists>
    <mailingList>
      <name>Joda Interest list</name>
      <subscribe>https://lists.sourceforge.net/lists/listinfo/joda-interest</subscribe>
      <unsubscribe>https://lists.sourceforge.net/lists/listinfo/joda-interest</unsubscribe>
      <archive>http://sourceforge.net/mailarchive/forum.php?forum_name=joda-interest</archive>
    </mailingList>
  </mailingLists>

  <developers>
    <developer>
      <name>Stephen Colebourne</name>
      <id>scolebourne</id>
      <email>scolebourne@joda.org</email>
      <organization></organization>
      <roles>
        <role>Project Lead</role>
      </roles>
    </developer>
    <developer>
      <name>Brian S O'Neill</name>
      <id>broneill</id>
      <email>broneill@users.sourceforge.net</email>
      <organization></organization>
      <roles>
        <role>Senior Developer</role>
      </roles>
    </developer>
  </developers>
  
  <contributors>
    <contributor>
      <name>Guy Allard</name>
    </contributor>
    <contributor>
      <name>Fredrik Borgh</name>
    </contributor>
    <contributor>
      <name>Jeroen van Erp</name>
    </contributor>
    <contributor>
      <name>Gwyn Evans</name>
    </contributor>
    <contributor>
      <name>Sean Geoghegan</name>
    </contributor>
    <contributor>
      <name>Ashish Katyal</name>
    </contributor>
    <contributor>
      <name>Antonio Leitao</name>
    </contributor>
    <contributor>
      <name>Kostas Maistrelis</name>
    </contributor>
    <contributor>
      <name>Al Major</name>
    </contributor>
    <contributor>
      <name>Blair Martin</name>
    </contributor>
    <contributor>
      <name>Julen Parra</name>
    </contributor>
    <contributor>
      <name>Mike Schrag</name>
    </contributor>
    <contributor>
      <name>Kandarp Shah</name>
    </contributor>
    <contributor>
      <name>Francois Staes</name>
    </contributor>
    <contributor>
      <name>Maxim Zhao</name>
    </contributor>
    <contributor>
      <name>Ryan Propper</name>
    </contributor>
  </contributors>

  <dependencies>
  </dependencies>

  <build>
    <sourceDirectory>src/java</sourceDirectory>
    <unitTestSourceDirectory>src/test</unitTestSourceDirectory>
    <unitTest>
      <resources>
        <resource>
          <directory>${basedir}/src/testdata</directory>
          <includes>
            <include>*.dat</include>
          </includes>
        </resource>
      </resources>
      <includes>
        <include>org/joda/time/**/TestAll.java</include>
      </includes>
    </unitTest>
    <resources>
      <resource>
        <directory>${basedir}/target/classes</directory>
        <includes>
          <include>org/joda/time/tz/data/**</include>
        </includes>
      </resource>
      <resource>
        <targetPath>META-INF</targetPath>
        <includes>
          <include>NOTICE.txt</include>
        </includes>
      </resource>
    </resources>
  </build>

  <reports>
     <report>maven-changelog-plugin</report>
     <report>maven-changes-plugin</report>
     <!--report>maven-checkstyle-plugin</report-->
     <!--report>maven-findbugs-plugin</report-->
     <!--report>maven-jdiff-plugin</report-->
     <!--report>maven-clover-plugin</report-->
     <!--report>maven-jcoverage-plugin</report-->
     <!--report>maven-cobertura-plugin</report-->
     <report>maven-emma-plugin</report>
     <report>maven-developer-activity-plugin</report>
     <report>maven-file-activity-plugin</report>
     <report>maven-javadoc-plugin</report>
     <report>maven-junit-report-plugin</report>
     <report>maven-jxr-plugin</report>
     <report>maven-license-plugin</report>
     <!--report>maven-linkcheck-plugin</report-->
     <!--report>maven-statcvs-plugin</report-->
     <!--report>maven-tasklist-plugin</report-->
  </reports>
  
  <!-- To install Emma, run:
   maven plugin:download -DgroupId=emma -DartifactId=maven-emma-plugin -Dversion=0.6 -->
  <!-- To run Jdiff:
   copy the src folder from the previous version to target/jdiff/{tag} -->

</project>
